作物名稱,平均價,交易量
釋迦,64.9,4431.0
釋迦-鳳梨釋迦,36.7,446.0
藍莓-進口藍莓,212.8,420.0
百香果-其他,68.4,467.0
火龍果-白肉,60.8,2549.0
香蕉,26.6,8070.0
鳳梨-金鑽鳳梨,30.7,2483.0
甜橙-其他,25.7,474.0
雜柑-其他,19.6,43.0
雜柑-無子檸檬,42.6,1606.0
黃秋葵,65.9,1338.0
胡瓜-黑刺,23.1,7061.0
花胡瓜,48.0,9196.0
冬瓜-青皮,8.0,60.0
苦瓜-其他,38.3,2318.0
苦瓜-白大米,49.7,5642.0
美女撫子-紅,100.0,10.0
美女撫子-綠石竹,106.3,40.0
火鶴花-紅色,11.0,1920.0
火鶴花-丘比特,12.8,3669.0
火鶴花-粉綠邊,11.9,170.0
火鶴花-綠精靈,14.0,147.0
火鶴花-花紫,11.8,423.0
火鶴花-咖啡紅,11.4,355.0
火鶴花-大地,19.8,71.0
大菊-白東洋,84.0,1155.0
染大菊-白天星,133.6,1693.0
小菊-小紅娘,74.3,199.0
小菊-卡洛琳,110.3,159.0
小菊-黃,67.5,470.0
小菊-日本黃,78.3,800.0
小菊-吉祥黃,75.0,40.0
小菊-粉日記,78.3,626.0
非洲菊-混合色,90.2,613.0
非洲菊-太陽神,88.8,110.0
非洲菊-白,91.3,230.0
非洲-冰山,76.6,200.0
劍蘭-紅,178.0,381.0
劍蘭-新種紅,174.3,225.0
劍蘭-２６５號,142.2,195.0
黃梔花-黃梔花,65.0,1452.0
鶴蕉紅美人-鶴蕉紅美人,25.8,59.0
夜來香-單瓣,145.0,25.0
白日草-白日草,36.7,74.0
大理花-雙色,160.0,6.0
雞冠花-雞冠花,86.4,143.0
金魚草-混色,55.0,19.0
睡蓮-睡蓮,45.6,88.0
釋迦-鳳梨釋迦,42.6,324.0
百香果-其他,52.2,837.0
百香果-改良種,51.3,7323.0
甘蔗-帶皮,10.0,4110.0
小番茄-聖女,97.6,10462.0
小番茄-玉女,205.5,2589.0
其他,62.3,530.0
其他-進口,207.5,1073.0
香蕉,24.6,14280.0
香蕉-芭蕉紅芭蕉,22.9,2426.0
佛利檬-佛利檬,28.1,4395.0
甜橙-其他,17.5,594.0
甜橙-進口,23.3,1325.0
雜柑-桔子,38.1,481.0
黃秋葵,73.1,2043.0
花胡瓜-其他,51.4,1180.0
花胡瓜,49.4,23653.0
苦瓜-其他,38.7,3929.0
扁蒲-花蒲,20.2,6804.0
蕃茄-黑柿,49.3,3685.0
藍莓-進口藍莓,333.3,582.0
百香果-其他,38.3,90.0
百香果-改良種,36.6,1492.0
小番茄-一般,37.6,250.0
小番茄-玉女,95.7,510.0
火龍果-白肉,31.8,1596.0
其他,16.0,476.0
其他-進口,75.0,200.0
香蕉-其他,10.0,620.0
香蕉-芭蕉紅芭蕉,24.9,151.0
佛利檬-佛利檬,23.4,1035.0
雜柑-檸檬,28.9,147.0
黃秋葵,42.7,847.3
花胡瓜-其他,87.2,117.9
花胡瓜,46.8,3502.2
冬瓜-白皮,9.4,945.0
苦瓜-其他,29.5,655.0
扁蒲-花蒲,19.1,1921.0
扁蒲-梨子蒲,24.1,372.5
釋迦,51.5,8199.0
草莓-進口,400.0,29.5
百香果-其他,48.6,1363.0
百香果-改良種,46.3,11101.0
甘蔗-帶皮,8.6,1095.0
小番茄-一般,47.4,4383.0
小番茄-聖女,43.6,852.0
火龍果-白肉,64.1,5450.0
香蕉-芭蕉紅芭蕉,30.9,4478.5
香蕉-旦蕉,35.1,196.0
鳳梨-進口,36.7,1125.0
椪柑(其他)-其他,22.1,282.0
佛利檬-佛利檬,35.1,6554.0
甜橙-柳橙,19.6,14638.0
甜橙-進口,29.1,760.0
雜柑-檸檬,18.9,1880.0
雜柑-無子檸檬,38.9,807.0
黃秋葵,33.1,708.0
花胡瓜-其他,53.5,51.0
花胡瓜,46.2,3261.0
扁蒲-花蒲,17.8,724.0
百香果-改良種,52.0,1850.0
火龍果-白肉,40.0,2850.0
香蕉,22.0,5550.0
甜橙-柳橙,20.0,5050.0
雜柑-檸檬,38.0,1750.0
花胡瓜,55.0,1450.0
百香果-其他,35.4,109.0
香蕉,13.2,1377.0
佛利檬-佛利檬,25.2,156.0
甜橙-柳橙,16.5,72.0
雜柑-無子檸檬,41.5,288.0
黃秋葵,58.5,188.0
花椰菜-青梗,32.8,4980.0
扁蒲-梨子蒲,22.5,897.0
草莓-進口,250.0,50.0
百香果-其他,53.8,486.0
榴槤-進口,125.0,456.0
紅毛丹-紅毛丹,254.3,69.0
其他,67.3,10880.0
香蕉,20.0,30930.0
鳳梨-金鑽鳳梨,20.0,29320.0
椪柑(其他)-其他,59.0,60.0
椪柑,28.8,108664.0
花椰菜-青梗,24.9,3503.0
胡瓜-黑刺,18.7,2124.0
花胡瓜-其他,64.3,290.0
花胡瓜,33.0,3679.0
冬瓜-青皮,7.0,189.0
絲瓜-絲瓜,27.1,1607.0
苦瓜-青大米,20.7,132.0
苦瓜-山苦瓜,77.0,10.0
苦瓜-翠綠,21.8,118.0
小番茄-玉女,143.3,108.9
火龍果-白肉,37.7,239.0
香蕉,18.4,3810.2
鳳梨-金鑽鳳梨,15.2,6330.3
椪柑,25.6,5873.9
甜橙-進口,100.0,60.0
胡瓜-黑刺,23.6,800.0
花胡瓜,44.4,1591.0
花椰菜-青梗,32.4,27653.0
苦瓜-青大米,65.2,162.0
火龍果-白肉,25.7,702.0
香蕉,23.6,3800.0
鳳梨-金鑽鳳梨,25.5,1978.0
甜橙-其他,16.7,18.0
甜橙-進口,56.7,1782.0
雜柑-桔子,67.9,106.0
花椰菜-青梗,43.5,4064.0
苦瓜-山苦瓜,25.0,10.0
扁蒲-梨子蒲,21.8,958.0
蕃茄-黑柿,56.3,2422.0
釋迦,50.0,1520.0
鳳梨-金鑽鳳梨,12.2,13100.0
花椰菜-青梗,30.0,200.0
花椰菜-白梗,34.4,930.0
苦瓜-山苦瓜,49.3,12.0
扁蒲-長形,17.1,750.0
扁蒲-梨子蒲,26.0,198.0
扁蒲-長形,17.0,121.0
扁蒲-花蒲,11.2,179.0
扁蒲-梨子蒲,12.2,342.0
花椰菜-青梗,47.0,582.0
胡瓜-黑刺,23.0,567.0
絲瓜-絲瓜,31.0,190.0
扁蒲-長形,17.0,110.0
釋迦,61.5,3325.0
釋迦-鳳梨釋迦,41.4,240.0
藍莓-進口藍莓,250.0,210.0
百香果-其他,63.5,349.0
火龍果-白肉,48.7,2776.0
香蕉,24.7,10350.0
鳳梨-金鑽鳳梨,28.3,2258.0
甜橙-其他,27.9,486.0
雜柑-其他,17.0,22.0
黃秋葵,65.3,1145.0
胡瓜-黑刺,31.9,4463.0
花胡瓜,50.0,8237.0
冬瓜-其他,9.0,25.0
苦瓜-其他,48.0,642.0
苦瓜-白大米,57.5,2767.0
火鶴花-火鶴花,14.8,895.0
火鶴花-紅色,9.9,840.0
火鶴花-丘比特,12.1,3450.0
火鶴花-粉綠邊,14.2,185.0
火鶴花-花紫,13.4,552.0
火鶴花-咖啡紅,13.0,150.0
火鶴花-咖啡條紋,16.0,15.0
火鶴花-大地,21.7,387.0
染大菊-白天星,122.4,2216.0
小菊-卡洛琳,107.9,350.0
小菊-金,116.0,450.0
小菊-日本黃,101.4,510.0
小菊-粉日記,92.7,473.0
非洲菊-混合色,103.9,597.0
非洲菊-太陽神,87.7,120.0
非洲菊-白,89.9,210.0
非洲-冰山,54.0,50.0
劍蘭-紅,162.7,192.0
劍蘭-新種紅,149.0,182.0
劍蘭-２６５號,129.9,159.0
黃梔花-黃梔花,63.1,1109.0
水仙百合-粉,160.5,98.0
水仙百合-白,206.5,59.0
鶴蕉紅美人-鶴蕉紅美人,26.0,60.0
嘉蘭<火焰百合>-嘉蘭<火焰百合>,70.0,176.0
夜來香-夜來香,48.0,11.0
夜來香-單瓣,141.0,75.0
白日草-白日草,71.9,165.0
,220.0,8.0
大理花-雙色,0.0,0.0
雞冠花-雞冠花,107.7,152.0
睡蓮-睡蓮,46.0,52.0
釋迦-鳳梨釋迦,77.0,60.0
藍莓-進口藍莓,44.0,220.0
百香果-其他,50.5,650.0
百香果-改良種,58.1,6569.0
小番茄-聖女,97.8,8768.0
小番茄-玉女,221.1,1852.0
其他,55.6,689.0
其他-進口,156.4,936.0
香蕉-其他,11.2,25.0
香蕉-芭蕉紅芭蕉,26.2,3943.0
佛利檬-佛利檬,28.0,3801.0
甜橙-其他,17.0,24.0
甜橙-進口,22.2,825.0
黃秋葵,72.5,1650.0
花胡瓜-其他,54.1,933.0
冬瓜-白皮,8.4,11013.0
苦瓜-其他,42.3,2554.0
扁蒲-花蒲,21.5,6556.0
蕃茄-黑柿,58.5,3421.0
藍莓-進口藍莓,400.0,90.0
百香果-其他,27.0,100.0
百香果-改良種,38.6,1740.0
甘蔗-帶皮,8.9,3168.0
小番茄-一般,38.2,250.0
小番茄-玉女,95.8,386.0
火龍果-白肉,30.2,1753.0
其他-進口,118.6,1024.0
香蕉-其他,9.1,733.0
香蕉-芭蕉紅芭蕉,26.2,254.0
鳳梨-進口,55.0,750.0
椪柑(其他)-其他,25.0,28.0
佛利檬-佛利檬,31.9,1039.0
甜橙-進口,40.0,600.0
雜柑-檸檬,21.6,462.0
黃秋葵,34.9,735.4
花胡瓜-其他,57.6,33.0
花胡瓜,44.8,3658.0
冬瓜-白皮,10.1,1959.0
苦瓜-其他,30.9,326.0
苦瓜-白大米,52.6,1238.0
扁蒲-花蒲,19.8,1721.0
扁蒲-梨子蒲,23.4,176.0
釋迦,45.2,3607.5
草莓-進口,566.7,51.0
百香果-其他,52.8,470.0
百香果-改良種,45.4,10516.0
甘蔗-帶皮,9.0,6432.0
小番茄-一般,45.8,4878.0
小番茄-聖女,50.6,982.0
小番茄-嬌女,25.0,10.0
火龍果-白肉,47.6,3222.0
榴槤-進口,160.3,6940.0
香蕉-芭蕉紅芭蕉,23.6,5247.0
香蕉-旦蕉,52.9,264.0
椪柑(其他)-其他,22.7,132.0
佛利檬-佛利檬,39.9,5133.0
甜橙-其他,21.6,50.0
甜橙-柳橙,19.4,12119.0
雜柑-無子檸檬,31.2,1219.0
黃秋葵,38.2,632.0
花胡瓜,40.8,3247.0
扁蒲-花蒲,19.1,746.0
火龍果-白肉,38.0,2750.0
香蕉,20.0,5650.0
甜橙-柳橙,18.0,5150.0
雜柑-檸檬,40.0,1650.0
苦瓜-白大米,43.0,1650.0
百香果-其他,30.9,118.0
香蕉,10.0,1075.0
佛利檬-佛利檬,27.2,132.0
甜橙-柳橙,22.5,72.0
花椰菜-青梗,32.1,5128.0
扁蒲-梨子蒲,23.3,536.0
草莓-進口,250.0,6.0
百香果-其他,60.8,156.0
紅毛丹-紅毛丹,250.0,100.0
其他,60.7,11531.0
香蕉,17.9,22926.0
鳳梨-金鑽鳳梨,20.1,23532.0
椪柑,28.2,73457.0
甜橙-其他,12.0,20.0
甜橙-進口,100.0,1380.0
火鶴花-混色,12.0,189.0
花椰菜-青梗,26.8,2414.0
火鶴花-紅色,15.0,402.0
火鶴花-紅青心,16.0,285.0
火鶴花-粉綠邊,9.0,25.0
染大菊-白天星,79.0,928.0
花胡瓜-其他,65.1,213.0
小菊-混合色,66.0,128.0
花胡瓜,38.6,3721.0
小菊-小紅娘,62.0,240.0
小菊-法國小紅,67.0,62.0
小菊-金,70.0,323.0
小菊-黃,45.0,82.0
小菊-日本黃,71.0,260.0
小菊-吉祥黃,49.0,30.0
小菊-吉祥小粉,75.0,30.0
小菊-粉日記,58.0,370.0
小菊-林克小白,55.0,197.0
染小菊-芬蘭,97.0,347.0
非洲菊-混合色,76.0,873.0
冬瓜-青皮,11.2,544.0
非洲-熱情粉,72.0,158.0
非洲菊-白,39.0,30.0
絲瓜-絲瓜,26.3,1845.0
苦瓜-其他,34.4,265.0
劍蘭-紅,76.0,48.0
劍蘭-２６５號,107.0,20.0
苦瓜-青大米,23.4,114.0
苦瓜-翠綠,30.0,535.0
扁蒲-其他,10.0,40.0
黃梔花-黃梔花,40.0,730.0
嘉蘭<火焰百合>-嘉蘭<火焰百合>,48.0,40.0
玉蘭花-玉蘭花,200.0,1.0
金魚草-混色,31.0,36.0
茉莉花-茉莉花,22.0,240.0
深山櫻-深山櫻,61.0,30.0
小番茄-玉女,122.8,70.9
香蕉,15.4,5053.2
鳳梨-金鑽鳳梨,13.8,6578.8
椪柑,22.8,9551.0
甜橙-進口,100.0,300.0
花椰菜-青梗,24.3,800.0
胡瓜-黑刺,17.7,720.0
苦瓜-翠綠,29.0,150.0
椪柑,30.07,5044.2
甜橙-其他,10.74,432.0
火鶴花-混色,9.0,42.0
花椰菜-青梗,30.9,28944.0
火鶴花-紅色,13.0,545.0
火鶴花-翠綠,14.0,120.0
大菊-黃精競,123.0,111.0
小菊-混合色,69.0,240.0
小菊-小紅娘,92.0,351.0
小菊-法國小紅,105.0,185.0
小菊-卡洛琳,81.0,125.0
小菊-粉,54.0,120.0
染小菊-芬蘭,97.0,702.0
非洲菊-混合色,83.0,1740.0
非洲-金爵,80.0,175.0
非洲菊-白,92.0,54.0
非洲菊-紫,64.0,110.0
劍蘭-２６５號,55.0,22.0
劍蘭-４３７號,87.0,40.0
野薑花-白,29.0,20.0
玉蘭花-玉蘭花,200.0,2.0
雞冠花-雞冠花,120.0,15.0
金魚草-混色,47.0,43.0
深山櫻-深山櫻,85.0,30.0
小番茄-聖女,50.0,2000.0
火龍果-白肉,35.0,1200.0
香蕉,15.0,3500.0
鳳梨-鳳梨花,16.0,300.0
椪柑,26.0,8000.0
甜橙-進口,56.0,1200.0
雜柑-檸檬,23.0,1600.0
火鶴花-混色,6.0,125.0
火鶴花-雪碧粉,14.0,130.0
大菊-黃精競,160.0,40.0
染大菊-白天星,96.0,1783.0
小菊-混合色,76.0,123.0
小菊-日本小紅,85.0,40.0
小菊-小紅娘,86.0,525.0
小菊-黃丁字菊,59.0,617.0
小菊-粉日記,72.0,670.0
小菊-林克小白,82.0,127.0
非洲菊-混合色,68.0,750.0
非洲菊-紅,95.0,20.0
非洲菊-橙,79.0,360.0
非洲-冰山,34.0,80.0
劍蘭-紫,0.0,0.0
黃梔花-黃梔花,44.0,1447.0
野薑花-白,52.0,51.0
夜來香-重瓣,64.0,264.0
大理花-雙色,0.0,0.0
火龍果-白肉,19.3,442.0
香蕉,28.3,3800.0
鳳梨-金鑽鳳梨,24.4,2156.0
椪柑(其他)-其他,20.0,80.0
甜橙-進口,57.2,1350.0
雜柑-桔子,75.0,30.0
康乃馨-多朵(混色),49.0,62.0
花椰菜-青梗,41.7,4089.0
火鶴花-紅青心,16.0,201.0
火鶴花-丘比特,15.0,510.0
火鶴花-粉綠邊,6.0,25.0
火鶴花-夢幻,11.0,438.0
火鶴花-翠綠,19.0,114.0
火鶴花-戀愛,13.0,140.0
大菊-黃,109.0,175.0
大菊-黃精競,122.0,70.0
染大菊-白天星,93.0,2471.0
小菊-日本小紅,94.0,58.0
小菊-黃丁字菊,59.0,836.0
小菊-吉祥小粉,91.0,25.0
小菊-林克小白,88.0,682.0
染小菊-芬蘭,94.0,565.0
非洲菊-混合色,85.0,1098.0
非洲菊-粉紅魅力,74.0,60.0
,94.0,24.0
非洲菊-紫,78.0,184.0
劍蘭-２３５號,104.0,945.0
劍蘭-２６５號,119.0,21.0
苦瓜-青大米,42.0,76.0
黃梔花-黃梔花,32.0,666.0
水仙百合-粉,95.0,20.0
向日葵-單瓣,73.0,541.0
扁蒲-花蒲,16.3,1117.0
白日草-白日草,64.0,15.0
雞冠花-雞冠花,118.0,16.0
扁蒲-梨子蒲,22.5,626.0
蕃茄-黑柿,52.7,2445.0
釋迦,54.3,1400.0
鳳梨-金鑽鳳梨,12.7,11020.0
花椰菜-青梗,35.2,324.0
花椰菜-白梗,29.9,1040.0
苦瓜-青大米,24.6,36.0
苦瓜-翠綠,14.8,20.0
扁蒲-長形,16.0,400.0
扁蒲-梨子蒲,26.5,180.0
絲瓜-絲瓜,20.9,2621.0
苦瓜-青大米,21.2,359.0
扁蒲-長形,16.8,97.0
扁蒲-花蒲,8.9,31.0
花椰菜-青梗,33.0,455.0
胡瓜-黑刺,27.0,180.0
絲瓜-絲瓜,32.0,280.0
扁蒲-長形,18.0,101.0
花椰菜-青梗,31.5,328.0
冬瓜-青皮,6.0,220.0
扁蒲-花蒲,24.8,352.0
釋迦,61.2,3456.0
釋迦-鳳梨釋迦,40.2,191.0
草莓,130.0,12.0
藍莓-進口藍莓,127.9,308.0
百香果-其他,74.0,317.0
火龍果-白肉,52.0,2345.0
香蕉,27.2,7935.0
椪柑,38.1,15608.0
雜柑-無子檸檬,58.2,854.0
黃秋葵,63.6,1083.0
胡瓜-黑刺,28.9,3741.0
花胡瓜,50.1,7908.0
冬瓜-其他,10.0,40.0
苦瓜-白大米,49.2,3476.0
苦瓜-山苦瓜,80.0,15.0
美女撫子-綠石竹,140.0,15.0
火鶴花-火鶴花,17.2,565.0
火鶴花-紅青心,9.0,50.0
火鶴花-丘比特,11.3,1195.0
火鶴花-夏粉　,7.5,220.0
火鶴花-粉綠邊,11.6,479.0
火鶴花-花紫,14.9,150.0
火鶴花-咖啡條紋,15.4,135.0
火鶴花-大地,22.2,126.0
大菊-白東洋,101.8,1068.0
染大菊-白天星,131.8,1732.0
小菊-卡洛琳,110.0,125.0
小菊-黃,96.7,270.0
小菊-日本黃,105.1,350.0
小菊-粉日記,88.7,513.0
非洲菊-混合色,111.4,645.0
非洲菊-太陽神,79.6,59.0
非洲菊-白,93.5,360.0
非洲-冰山,53.1,209.0
非洲菊-迷你混色,98.7,344.0
劍蘭-紅,134.3,125.0
劍蘭-新種紅,130.4,72.0
劍蘭-２６５號,114.9,49.0
黃梔花-黃梔花,55.7,1178.0
鶴蕉紅美人-鶴蕉紅美人,20.3,120.0
嘉蘭<火焰百合>-嘉蘭<火焰百合>,86.4,78.0
夜來香-單瓣,126.3,94.0
白日草-白日草,84.8,130.0
,202.0,6.0
雞冠花-雞冠花,148.2,65.0
金魚草-混色,67.0,22.0
睡蓮-睡蓮,45.8,48.0
釋迦-鳳梨釋迦,56.8,111.0
藍莓-進口藍莓,45.0,60.0
百香果-其他,49.2,256.0
百香果-改良種,54.5,6510.0
小番茄-聖女,87.8,8898.0
小番茄-玉女,212.5,1664.0
其他,82.4,815.0
其他-進口,115.7,1150.0
香蕉-其他,10.0,39.0
香蕉-芭蕉紅芭蕉,27.5,2666.0
甜橙-其他,8.2,191.0
甜橙-進口,26.7,300.0
雜柑-桔子,39.9,630.0
黃秋葵,67.8,1522.0
花胡瓜-其他,52.4,592.0
花胡瓜,51.5,20222.0
冬瓜-白皮,9.4,9470.0
苦瓜-其他,40.8,2782.0
扁蒲-花蒲,22.0,5637.0
蕃茄-黑柿,68.0,2283.0
藍莓-進口藍莓,333.3,45.0
百香果-其他,35.6,80.0
百香果-改良種,35.0,1811.0
小番茄-一般,37.3,295.0
小番茄-玉女,98.0,444.0
火龍果-白肉,44.6,414.0
其他-進口,90.0,130.0
香蕉-其他,8.6,257.0
香蕉-芭蕉紅芭蕉,27.0,15.0
佛利檬-佛利檬,35.4,631.0
雜柑-檸檬,20.8,650.0
黃秋葵,44.6,582.5
花胡瓜-其他,78.0,163.9
花胡瓜,44.8,3853.2
苦瓜-其他,26.1,574.0
扁蒲-花蒲,21.1,1515.0
扁蒲-梨子蒲,19.2,282.0
釋迦,49.6,2991.0
釋迦-鳳梨釋迦,42.0,216.0
百香果-其他,48.0,806.0
百香果-改良種,50.0,10300.0
小番茄-聖女,44.8,1068.0
小番茄-嬌女,25.0,20.0
火龍果-白肉,47.7,2810.0
香蕉-芭蕉紅芭蕉,32.7,2524.0
香蕉-旦蕉,50.6,140.0
鳳梨-進口,36.7,600.0
椪柑(其他)-其他,26.7,36.0
甜橙-柳橙,19.1,6852.0
雜柑-無子檸檬,28.3,1161.0
黃秋葵,32.0,589.0
花胡瓜-其他,53.5,60.0
花胡瓜,44.8,3136.0
苦瓜-山苦瓜,77.9,34.0
扁蒲-花蒲,19.3,994.0
火龍果-白肉,40.0,2650.0
香蕉,20.0,5500.0
甜橙-柳橙,18.0,4950.0
雜柑-檸檬,38.0,1550.0
花胡瓜,60.0,1350.0
百香果-其他,39.7,120.0
香蕉,12.0,850.0
佛利檬-佛利檬,23.3,219.0
甜橙-其他,27.5,36.0
花椰菜-青梗,32.9,4531.0
扁蒲-梨子蒲,22.1,600.0
百香果-其他,61.0,90.0
其他,77.0,11078.0
香蕉,17.4,31170.0
鳳梨-金鑽鳳梨,19.0,21717.0
椪柑,27.0,55034.0
火鶴花-紅色,13.0,311.0
火鶴花-紅青心,9.0,151.0
胡瓜-黑刺,18.7,1271.0
染大菊-白天星,80.0,1248.0
花胡瓜-其他,73.3,211.0
小菊-混合色,67.0,135.0
花胡瓜,39.4,3519.0
小菊-小紅娘,56.0,226.0
小菊-金,80.0,150.0
小菊-黃,58.0,135.0
小菊-日本黃,68.0,210.0
小菊-吉祥黃,28.0,30.0
小菊-吉祥小粉,68.0,60.0
小菊-粉日記,48.0,319.0
小菊-林克小白,72.0,70.0
染小菊-芬蘭,93.0,335.0
非洲-熱情粉,68.0,150.0
非洲-冰山,52.0,90.0
絲瓜-絲瓜,26.2,2341.0
苦瓜-其他,30.0,460.0
苦瓜-青大米,22.8,121.0
黃梔花-黃梔花,44.0,684.0
雞冠花-雞冠花,63.0,22.0
伯利恆之星-伯利恆之星,51.0,104.0
茉莉花-茉莉花,16.0,270.0
小番茄-玉女,131.3,70.8
火龍果-白肉,30.3,237.5
其他,60.0,5.0
香蕉,14.1,7650.0
鳳梨-金鑽鳳梨,13.8,218.2
椪柑,26.1,8312.7
花椰菜-青梗,22.7,300.0
胡瓜-黑刺,23.5,540.0
花胡瓜,46.6,1192.0
椪柑(其他)-其他,91.6,21.0
椪柑,34.66,4255.8
花椰菜-青梗,30.1,17488.0
火鶴花-紅色,11.0,711.0
火鶴花-紅青心,19.0,759.0
火鶴花-黃瑪莉,24.0,102.0
火鶴花-羅莎,16.0,804.0
大菊-黃精競,122.0,83.0
染大菊-白天星,94.0,2844.0
小菊-混合色,74.0,140.0
小菊-小紅娘,66.0,772.0
小菊-法國小紅,95.0,202.0
小菊-卡洛琳,71.0,210.0
小菊-吉祥小粉,71.0,17.0
小菊-粉日記,64.0,923.0
小菊-白,59.0,50.0
小菊-林克小白,87.0,665.0
染小菊-芬蘭,89.0,670.0
非洲菊-混合色,81.0,1460.0
非洲菊-白,92.0,98.0
劍蘭-２６５號,84.0,93.0
劍蘭-４３７號,96.0,80.0
野薑花-白,33.0,30.0
玉蘭花-玉蘭花,200.0,2.0
雞冠花-雞冠花,123.0,39.0
深山櫻-深山櫻,100.0,15.0
小番茄-聖女,66.0,1800.0
火龍果-白肉,30.0,2000.0
香蕉,15.0,3200.0
椪柑,28.0,6000.0
甜橙-進口,56.0,1200.0
雜柑-檸檬,25.0,1500.0
花椰菜-青梗,29.0,23000.0
扁蒲-梨子蒲,26.5,1680.0
康乃馨-多朵紅,35.0,34.0
火鶴花-丘比特,11.0,2993.0
火鶴花-粉綠邊,10.0,35.0
火鶴花-雪碧粉,11.0,140.0
火鶴花-總統,11.0,23.0
火鶴花-太極,17.0,195.0
火鶴花-白色,15.0,25.0
火鶴花-咖啡紅,11.0,40.0
大菊-黃精競,83.0,320.0
小菊-混合色,70.0,245.0
小菊-日本小紅,66.0,392.0
小菊-小紅娘,71.0,943.0
小菊-黃丁字菊,53.0,993.0
小菊-吉祥小粉,55.0,25.0
小菊-粉日記,54.0,1367.0
染小菊-芬蘭,70.0,740.0
非洲菊-紅,60.0,60.0
非洲菊-橙,79.0,320.0
非洲菊-太陽神,71.0,80.0
非洲-冰山,70.0,20.0
劍蘭-混合色,79.0,20.0
劍蘭-２６５號,80.0,158.0
劍蘭-４３７號,88.0,80.0
劍蘭-紫,0.0,0.0
鶴焦-鶴焦,28.0,30.0
野薑花-白,47.0,83.0
夜來香-重瓣,80.0,64.0
火龍果-白肉,29.1,230.0
香蕉,26.6,3400.0
鳳梨-金鑽鳳梨,24.6,1820.0
甜橙-進口,56.1,990.0
雜柑-桔子,70.0,400.0
花椰菜-青梗,40.0,4187.0
火鶴花-丘比特,13.0,1226.0
火鶴花-黃瑪莉,17.0,76.0
火鶴花-夢幻,13.0,554.0
火鶴花-太極,13.0,480.0
火鶴花-香檳,15.0,117.0
火鶴花-戀愛,11.0,258.0
大菊-黃,122.0,125.0
大菊-黃精競,141.0,85.0
染大菊-白天星,108.0,1925.0
小菊-日本小紅,84.0,169.0
小菊-黃丁字菊,57.0,883.0
小菊-吉祥小粉,82.0,75.0
小菊-粉日記,73.0,690.0
小菊-林克小白,129.0,185.0
非洲菊-混合色,86.0,744.0
非洲菊-太陽神,83.0,30.0
非洲菊-粉紅魅力,75.0,90.0
非洲-冰山,84.0,60.0
劍蘭-２３５號,111.0,754.0
黃梔花-黃梔花,34.0,877.0
向日葵-單瓣,86.0,346.0
扁蒲-花蒲,17.2,1890.0
雞冠花-雞冠花,63.0,31.0
珊瑚鳳梨-珊瑚鳳梨,94.0,27.0
金魚草-白色,66.0,20.0
扁蒲-梨子蒲,24.3,316.0
蕃茄-黑柿,51.9,2535.0
鳳梨-金鑽鳳梨,14.8,12350.0
花椰菜-青梗,44.9,244.0
花椰菜-白梗,32.3,1000.0
苦瓜-青大米,29.6,23.0
扁蒲-長形,19.1,460.0
扁蒲-梨子蒲,28.2,90.0
絲瓜-絲瓜,21.9,2937.0
扁蒲-長形,16.0,92.0
扁蒲-梨子蒲,12.3,410.0
小番茄-聖女,110.4,985.0
鳳梨-金鑽鳳梨,17.5,1875.0
胡瓜-黑刺,27.0,416.0
絲瓜-絲瓜,32.0,398.0
扁蒲-長形,21.0,127.0
黃秋葵,32.9,12.0
花椰菜-青梗,40.9,200.0
冬瓜-青皮,8.7,1120.0
扁蒲-花蒲,26.3,113.0
蕃茄-粉柿,20.0,10.0
釋迦,68.9,2321.0
藍莓-進口藍莓,59.5,710.0
百香果-其他,74.2,390.0
火龍果-白肉,46.2,2406.0
香蕉,24.3,7665.0
椪柑,35.4,12651.0
甜橙-其他,27.4,668.0
雜柑-其他,35.0,40.0
雜柑-無子檸檬,41.2,1284.0
胡瓜-黑刺,26.2,3897.0
花胡瓜,52.8,6982.0
苦瓜-白大米,43.9,3897.0
美女撫子-綠石竹,98.0,30.0
火鶴花-火鶴花,19.6,325.0
火鶴花-紅色,13.8,205.0
火鶴花-紅青心,13.6,649.0
火鶴花-丘比特,9.4,956.0
火鶴花-粉綠邊,13.0,40.0
火鶴花-粉佳人,7.8,295.0
火鶴花-花仙子,16.7,545.0
火鶴花-蘋果綠,9.0,30.0
火鶴花-白色,12.0,25.0
火鶴花-花紫,13.3,397.0
火鶴花-咖啡條紋,19.9,265.0
火鶴花-大地,21.8,110.0
大菊-大菊,0.0,0.0
染大菊-白天星,123.0,1374.0
小菊-卡洛琳,95.0,75.0
小菊-金,95.5,385.0
小菊-黃,86.8,300.0
小菊-日本黃,96.9,275.0
小菊-吉祥小粉,74.2,185.0
小菊-粉日記,84.4,768.0
小菊-林克小白,152.5,938.0
非洲菊-混合色,107.2,507.0
非洲菊-太陽神,68.0,40.0
非洲菊-粉,38.0,20.0
非洲菊-白,86.0,150.0
劍蘭-２６５號,91.0,30.0
黃梔花-黃梔花,48.0,855.0
鶴蕉紅美人-鶴蕉紅美人,16.0,150.0
野薑花-白,46.0,83.0
嘉蘭<火焰百合>-嘉蘭<火焰百合>,54.2,113.0
夜來香-單瓣,130.0,26.0
白日草-白日草,63.8,197.0
,190.0,14.0
雞冠花-雞冠花,21.0,46.0
金魚草-混色,30.6,98.0
睡蓮-睡蓮,37.0,48.0
藍莓-進口藍莓,50.0,50.0
百香果-其他,46.0,495.0
百香果-改良種,55.5,4066.0
甘蔗-帶皮,10.0,4230.0
小番茄-聖女,86.8,8850.0
小番茄-玉女,190.1,2009.0
火龍果-白肉,43.9,3782.0
其他,74.8,469.0
鳳梨-進口,33.3,160.0
佛利檬-佛利檬,28.4,2644.0
甜橙-其他,15.0,44.0
雜柑-桔子,46.1,506.0
黃秋葵,55.1,2295.0
花胡瓜-其他,50.9,707.0
冬瓜-白皮,8.8,8172.0
苦瓜-其他,38.7,3698.0
苦瓜-白大米,42.1,11463.0
扁蒲-花蒲,19.9,6247.0
扁蒲-梨子蒲,25.4,1490.0
蕃茄-黑柿,71.8,1849.0
百香果-其他,36.6,73.2
百香果-改良種,33.6,1047.0
小番茄-一般,50.2,325.0
小番茄-玉女,96.2,382.0
火龍果-白肉,39.7,276.0
其他-進口,90.0,100.0
香蕉-其他,8.6,141.0
香蕉-芭蕉紅芭蕉,10.0,17.0
佛利檬-佛利檬,34.5,1009.0
甜橙-進口,620.0,23.0
雜柑-檸檬,21.2,383.0
黃秋葵,41.9,837.4
花胡瓜-其他,52.1,181.0
花胡瓜,52.5,3935.0
冬瓜-白皮,10.6,1512.0
苦瓜-其他,28.5,788.0
扁蒲-梨子蒲,20.1,314.0
蕃茄-黑柿,50.0,180.0
釋迦,39.4,3435.5
草莓-進口,285.7,10.5
百香果-其他,56.8,827.0
百香果-改良種,48.6,6774.0
甘蔗-帶皮,9.0,64.0
小番茄-一般,46.2,3510.0
小番茄-聖女,42.3,926.0
小番茄-嬌女,27.0,20.0
火龍果-白肉,41.9,2808.0
榴槤-進口,160.0,5550.0
香蕉-旦蕉,40.0,126.0
椪柑(其他)-其他,15.0,54.0
佛利檬-佛利檬,31.3,3812.0
甜橙-柳橙,18.9,4438.0
雜柑-無子檸檬,33.7,963.0
黃秋葵,39.9,642.0
花胡瓜-其他,46.9,87.0
花胡瓜,46.2,2950.0
苦瓜-白大米,32.8,2169.0
扁蒲-花蒲,16.6,1024.0
扁蒲-梨子蒲,17.6,214.0
釋迦,53.0,1350.0
火龍果-白肉,38.0,2550.0
香蕉,22.0,5650.0
甜橙-柳橙,20.0,4850.0
雜柑-檸檬,40.0,1450.0
百香果-其他,38.0,60.0
香蕉,13.4,540.0
佛利檬-佛利檬,26.1,356.0
甜橙-其他,27.2,90.0
甜橙-柳橙,26.3,72.0
花椰菜-青梗,32.5,4940.0
花胡瓜-其他,47.8,240.0
苦瓜-青大米,28.8,1421.0
扁蒲-梨子蒲,24.4,556.0
小番茄-玉女,142.4,1390.0
火龍果-白肉,33.5,1594.0
其他,68.1,7500.0
香蕉,19.2,27873.0
椪柑,26.4,46306.0
甜橙-進口,100.0,715.0
康乃馨-多朵櫻紅,33.0,40.0
火鶴花-混色,7.0,110.0
火鶴花-紅色,12.0,33.0
火鶴花-紅青心,9.0,105.0
火鶴花-粉佳人,6.0,55.0
火鶴花-咖啡紅,11.0,40.0
染大菊-白天星,80.0,1275.0
花胡瓜-其他,57.7,373.0
小菊-混合色,60.0,210.0
花胡瓜,45.6,3784.0
小菊-小紅娘,49.0,228.0
小菊-金,74.0,120.0
小菊-日本黃,77.0,135.0
小菊-吉祥黃,66.0,30.0
小菊-吉祥小粉,60.0,60.0
小菊-粉日記,48.0,310.0
小菊-林克小白,47.0,34.0
染小菊-芬蘭,72.0,330.0
非洲菊-混合色,75.0,803.0
冬瓜-青皮,11.0,60.0
非洲菊-粉紅魅力,45.0,20.0
非洲-熱情粉,65.0,167.0
非洲菊-白,45.0,30.0
非洲-冰山,53.0,90.0
絲瓜-絲瓜,26.8,1973.0
苦瓜-其他,30.0,383.0
劍蘭-２６５號,31.0,24.0
苦瓜-青大米,20.1,188.0
黃梔花-黃梔花,51.0,505.0
扁蒲-長形,24.4,75.0
雞冠花-雞冠花,83.0,38.0
睡蓮-睡蓮,23.0,12.0
伯利恆之星-伯利恆之星,59.0,65.0
茉莉花-茉莉花,15.0,290.0
小番茄-玉女,126.1,121.5
火龍果-白肉,27.5,65.5
其他,60.0,5.0
香蕉,13.6,6930.9
椪柑,27.2,6695.1
花椰菜-青梗,19.9,244.0
胡瓜-黑刺,29.4,700.0
苦瓜-翠綠,26.7,33.0
其他,16.87,443.4
椪柑,38.74,2498.4
花椰菜-青梗,28.0,32588.0
火鶴花-紅色,16.0,247.0
火鶴花-翠綠,7.0,135.0
大菊-黃精競,120.0,31.0
染大菊-白天星,100.0,2226.0
小菊-混合色,71.0,275.0
小菊-小紅娘,59.0,1091.0
小菊-法國小紅,91.0,171.0
小菊-卡洛琳,62.0,145.0
小菊-粉,51.0,120.0
小菊-吉祥小粉,81.0,18.0
小菊-林克小白,92.0,699.0
染小菊-芬蘭,86.0,957.0
非洲菊-混合色,69.0,1022.0
非洲菊-紅,25.0,30.0
非洲-金爵,77.0,180.0
非洲-熱情粉,64.0,864.0
非洲菊-白,106.0,90.0
非洲菊-紫,56.0,180.0
苦瓜-白大米,78.6,710.0
劍蘭-紅,111.0,425.0
劍蘭-２６５號,80.0,89.0
苦瓜-青大米,60.0,83.0
劍蘭-紫,74.0,18.0
野薑花-白,33.0,30.0
雞冠花-雞冠花,88.0,91.0
伯利恆之星-伯利恆之星,51.0,90.0
深山櫻-深山櫻,73.0,30.0
小番茄-聖女,65.0,1900.0
火龍果-白肉,28.0,3200.0
香蕉,15.0,3500.0
椪柑,27.0,6500.0
甜橙-進口,55.0,1300.0
雜柑-檸檬,25.0,1600.0
花椰菜-青梗,29.0,26806.0
扁蒲-梨子蒲,26.5,2200.0
火鶴花-總統,11.0,28.0
火鶴花-太極,11.0,300.0
火鶴花-白色,12.0,68.0
大菊-大菊,0.0,0.0
大菊-黃,125.0,50.0
大菊-黃精競,111.0,285.0
大菊-  染色大菊,67.0,25.0
小菊-混合色,78.0,275.0
小菊-小紅娘,86.0,1012.0
小菊-黃丁字菊,64.0,775.0
小菊-吉祥小粉,80.0,50.0
小菊-粉日記,71.0,1253.0
染小菊-芬蘭,83.0,812.0
非洲菊-混合色,62.0,560.0
非洲菊-紅,78.0,20.0
非洲菊-橙,86.0,280.0
非洲菊-太陽神,73.0,170.0
劍蘭-２６５號,82.0,48.0
劍蘭-４３７號,93.0,20.0
野薑花-白,47.0,85.0
白日草-白日草,100.0,15.0
大理花-雙色,0.0,0.0
雞冠花-雞冠花,79.0,150.0
火龍果-白肉,26.4,174.0
香蕉,26.9,3250.0
鳳梨-金鑽鳳梨,25.2,3250.0
甜橙-進口,58.5,1098.0
花椰菜-青梗,42.3,4579.0
火鶴花-丘比特,13.0,375.0
火鶴花-太極,17.0,195.0
火鶴花-戀愛,16.0,210.0
大菊-黃精競,114.0,180.0
染大菊-白天星,116.0,1578.0
花胡瓜-其他,80.0,18.0
小菊-混合色,78.0,50.0
小菊-日本小紅,71.0,135.0
小菊-黃丁字菊,71.0,669.0
小菊-吉祥小粉,102.0,25.0
小菊-粉日記,53.0,1182.0
非洲菊-太陽神,77.0,60.0
非洲菊-粉紅魅力,69.0,60.0
,114.0,24.0
劍蘭-２３５號,116.0,437.0
苦瓜-青大米,40.7,57.0
苦瓜-山苦瓜,40.0,20.0
苦瓜-翠綠,24.5,1400.0
黃梔花-黃梔花,39.0,711.0
向日葵-單瓣,87.0,261.0
扁蒲-花蒲,18.2,2156.0
珊瑚鳳梨-珊瑚鳳梨,100.0,20.0
金魚草-白色,65.0,20.0
茄子-麻荸茄,31.3,3808.0
蕃茄-黑柿,57.9,2125.0
釋迦,60.8,1250.0
鳳梨-金鑽鳳梨,15.3,10190.0
花椰菜-青梗,39.3,573.0
花椰菜-白梗,36.1,900.0
苦瓜-青大米,23.7,54.0
苦瓜-山苦瓜,34.5,10.0
扁蒲-長形,19.1,460.0
扁蒲-梨子蒲,24.6,54.0
胡瓜-黑刺,26.5,3535.0
花胡瓜-其他,8.0,23.0
冬瓜-青皮,17.0,200.0
絲瓜-絲瓜,22.2,3068.0
扁蒲-長形,19.5,161.0
小番茄-聖女,109.1,526.0
榴槤-進口,116.2,280.0
鳳梨-金鑽鳳梨,16.2,1524.0
胡瓜-黑刺,30.0,180.0
絲瓜-絲瓜,36.0,151.0
扁蒲-長形,17.0,60.0
黃秋葵,65.8,58.0
花椰菜-青梗,34.5,380.0
冬瓜-青皮,10.1,1197.0
